rank,accession,entry,length,similarity,distance,jaccard,header
1,P40460,NDC80_YEAST,691,0.234443,529,0.075630,sp|P40460|NDC80_YEAST Kinetochore protein NDC80 OS=Saccharomyces cerevisiae (strain ATCC 204508 / S288c) OX=559292 GN=NDC80 PE=1 SV=1
2,Q6INN7,PP4R3_XENLA,822,0.232360,631,0.074039,sp|Q6INN7|PP4R3_XENLA Serine/threonine-protein phosphatase 4 regulatory subunit 3 OS=Xenopus laevis OX=8355 GN=smek1 PE=2 SV=1
3,Q6FSM8,FYV8_CANGA,767,0.232073,589,0.078663,sp|Q6FSM8|FYV8_CANGA Protein FYV8 OS=Candida glabrata (strain ATCC 2001 / CBS 138 / JCM 3761 / NBRC 0622 / NRRL Y-65) OX=284593 GN=FYV8 PE=3 SV=1
4,Q9Y7J8,YGL1_SCHPO,836,0.232057,642,0.073807,sp|Q9Y7J8|YGL1_SCHPO Uncharacterized protein C216.01c OS=Schizosaccharomyces pombe (strain 972 / ATCC 24843) OX=284812 GN=SPBC216.01c PE=2 SV=3
5,A7TJY3,SEY1_VANPO,780,0.232051,599,0.077069,sp|A7TJY3|SEY1_VANPO Protein SEY1 OS=Vanderwaltozyma polyspora (strain ATCC 22028 / DSM 70294) OX=436907 GN=SEY1 PE=3 SV=1
6,Q8BZR9,NCBP3_MOUSE,615,0.229268,474,0.074725,sp|Q8BZR9|NCBP3_MOUSE Nuclear cap-binding protein subunit 3 OS=Mus musculus OX=10090 GN=Ncbp3 PE=1 SV=1
7,Q9Y7N9,YCKC_SCHPO,821,0.227771,634,0.075188,sp|Q9Y7N9|YCKC_SCHPO PX domain-containing protein C1450.12 OS=Schizosaccharomyces pombe (strain 972 / ATCC 24843) OX=284812 GN=SPCC1450.12 PE=1 SV=1
8,A7A018,GLG1_YEAS7,616,0.227273,476,0.073304,sp|A7A018|GLG1_YEAS7 Glycogenin-1 OS=Saccharomyces cerevisiae (strain YJM789) OX=307796 GN=GLG1 PE=2 SV=2
9,P35810,GYRA_FIBSS,903,0.227021,698,0.076444,sp|P35810|GYRA_FIBSS DNA gyrase subunit A OS=Fibrobacter succinogenes (strain ATCC 19169 / S85) OX=59374 GN=gyrA PE=3 SV=2
10,A7TR87,ZRG8_VANPO,859,0.227008,664,0.074977,sp|A7TR87|ZRG8_VANPO Zinc-regulated protein 8 OS=Vanderwaltozyma polyspora (strain ATCC 22028 / DSM 70294) OX=436907 GN=ZRG8 PE=3 SV=1
11,Q54Q94,DDX10_DICDI,878,0.226651,679,0.076642,sp|Q54Q94|DDX10_DICDI Probable ATP-dependent RNA helicase ddx10 OS=Dictyostelium discoideum OX=44689 GN=ddx10 PE=3 SV=1
12,A2QS00,DBP4_ASPNC,802,0.225686,621,0.073446,sp|A2QS00|DBP4_ASPNC ATP-dependent RNA helicase dbp4 OS=Aspergillus niger (strain CBS 513.88 / FGSC A1513) OX=425011 GN=dbp4 PE=3 SV=1
13,Q62796,RBP1_RAT,647,0.225657,501,0.075575,sp|Q62796|RBP1_RAT RalA-binding protein 1 OS=Rattus norvegicus OX=10116 GN=Ralbp1 PE=1 SV=3
14,Q1RJR4,Y319_RICBR,719,0.225313,557,0.075612,sp|Q1RJR4|Y319_RICBR Putative ankyrin repeat protein RBE_0319 OS=Rickettsia bellii (strain RML369-C) OX=336407 GN=RBE_0319 PE=4 SV=1
15,Q6CT09,NOP14_KLULA,837,0.224612,649,0.074449,sp|Q6CT09|NOP14_KLULA Probable nucleolar complex protein 14 OS=Kluyveromyces lactis (strain ATCC 8585 / CBS 2359 / DSM 70799 / NBRC 1267 / NRRL Y-1140 / WM37) OX=284590 GN=NOP14 PE=3 SV=1
16,P14932,Y2001_METTM,804,0.223881,624,0.075401,sp|P14932|Y2001_METTM Uncharacterized protein MTBMA_p00010 OS=Methanothermobacter marburgensis (strain ATCC BAA-927 / DSM 2133 / JCM 14651 / NBRC 100331 / OCM 82 / Marburg) OX=79929 GN=MTBMA_p00010 PE=4 SV=2
17,P54705,SNWA_DICDI,685,0.223358,532,0.080752,sp|P54705|SNWA_DICDI Protein snwA OS=Dictyostelium discoideum OX=44689 GN=snwA PE=1 SV=1
18,Q9QUN7,TLR2_MOUSE,784,0.223214,609,0.074181,sp|Q9QUN7|TLR2_MOUSE Toll-like receptor 2 OS=Mus musculus OX=10090 GN=Tlr2 PE=1 SV=1
19,Q6CLH3,EIF3C_KLULA,819,0.221001,638,0.081056,sp|Q6CLH3|EIF3C_KLULA Eukaryotic translation initiation factor 3 subunit C OS=Kluyveromyces lactis (strain ATCC 8585 / CBS 2359 / DSM 70799 / NBRC 1267 / NRRL Y-1140 / WM37) OX=284590 GN=NIP1 PE=3 SV=1
20,Q9P6N4,PEP5_SCHPO,906,0.219647,707,0.073322,sp|Q9P6N4|PEP5_SCHPO E3 ubiquitin-protein ligase pep5 OS=Schizosaccharomyces pombe (strain 972 / ATCC 24843) OX=284812 GN=vps11 PE=3 SV=1
21,B9W923,AIM21_CANDC,847,0.219599,661,0.074219,sp|B9W923|AIM21_CANDC Altered inheritance of mitochondria protein 21 OS=Candida dubliniensis (strain CD36 / ATCC MYA-646 / CBS 7987 / NCPF 3949 / NRRL Y-17841) OX=573826 GN=AIM21 PE=3 SV=1
22,Q07454,YD073_YEAST,984,0.219512,768,0.073333,sp|Q07454|YD073_YEAST UPF0592 protein YDL073W OS=Saccharomyces cerevisiae (strain ATCC 204508 / S288c) OX=559292 GN=YDL073W PE=1 SV=1
23,Q5AD56,NOT3_CANAL,752,0.219415,587,0.077767,sp|Q5AD56|NOT3_CANAL General negative regulator of transcription subunit 3 OS=Candida albicans (strain SC5314 / ATCC MYA-2876) OX=237561 GN=NOT3 PE=3 SV=2
24,P0C664,ZWILC_CAEBR,639,0.219092,499,0.076271,sp|P0C664|ZWILC_CAEBR Protein zwilch homolog OS=Caenorhabditis briggsae OX=6238 GN=zwl-1 PE=3 SV=1
25,Q6CQ59,SQS1_KLULA,740,0.218919,578,0.073602,sp|Q6CQ59|SQS1_KLULA Protein SQS1 OS=Kluyveromyces lactis (strain ATCC 8585 / CBS 2359 / DSM 70799 / NBRC 1267 / NRRL Y-1140 / WM37) OX=284590 GN=SQS1 PE=3 SV=1
26,O74363,YND2_SCHPO,695,0.218705,543,0.088581,sp|O74363|YND2_SCHPO G-patch and R3H domain-containing protein C30B4.02c OS=Schizosaccharomyces pombe (strain 972 / ATCC 24843) OX=284812 GN=SPBC30B4.02c PE=4 SV=1
27,Q5AP87,AIM21_CANAL,848,0.216981,664,0.073386,sp|Q5AP87|AIM21_CANAL Altered inheritance of mitochondria protein 21 OS=Candida albicans (strain SC5314 / ATCC MYA-2876) OX=237561 GN=AIM21 PE=3 SV=2
28,Q75GT3,CLPB2_ORYSJ,978,0.216769,766,0.074043,"sp|Q75GT3|CLPB2_ORYSJ Chaperone protein ClpB2, chloroplastic OS=Oryza sativa subsp. japonica OX=39947 GN=CLPB2 PE=2 SV=1"
29,Q9BQI7,PSD2_HUMAN,771,0.216602,604,0.078794,sp|Q9BQI7|PSD2_HUMAN PH and SEC7 domain-containing protein 2 OS=Homo sapiens OX=9606 GN=PSD2 PE=2 SV=3
30,Q6MIV0,CLPB_BDEBA,855,0.216374,670,0.074108,sp|Q6MIV0|CLPB_BDEBA Chaperone protein ClpB OS=Bdellovibrio bacteriovorus (strain ATCC 15356 / DSM 50701 / NCIB 9529 / HD100) OX=264462 GN=clpB PE=3 SV=1
31,C4YD35,AIM21_CANAW,847,0.216057,664,0.073386,sp|C4YD35|AIM21_CANAW Altered inheritance of mitochondria protein 21 OS=Candida albicans (strain WO-1) OX=294748 GN=AIM21 PE=3 SV=1
32,C5M545,PFF1_CANTT,908,0.215859,712,0.076316,sp|C5M545|PFF1_CANTT Vacuolar membrane protease OS=Candida tropicalis (strain ATCC MYA-3404 / T1) OX=294747 GN=CTRG_02023 PE=3 SV=1
33,Q03707,SRC1_YEAST,834,0.215827,654,0.080184,sp|Q03707|SRC1_YEAST Inner nuclear membrane protein SRC1 OS=Saccharomyces cerevisiae (strain ATCC 204508 / S288c) OX=559292 GN=SRC1 PE=1 SV=2
34,F4JIF5,TCX2_ARATH,674,0.215134,529,0.076525,sp|F4JIF5|TCX2_ARATH Protein tesmin/TSO1-like CXC 2 OS=Arabidopsis thaliana OX=3702 GN=TCX2 PE=1 SV=1
35,Q6CQX2,MPH1_KLULA,1002,0.214571,787,0.073290,sp|Q6CQX2|MPH1_KLULA ATP-dependent DNA helicase MPH1 OS=Kluyveromyces lactis (strain ATCC 8585 / CBS 2359 / DSM 70799 / NBRC 1267 / NRRL Y-1140 / WM37) OX=284590 GN=MPH1 PE=3 SV=2
36,Q6P1I6,PSD2_MOUSE,770,0.214286,605,0.078565,sp|Q6P1I6|PSD2_MOUSE PH and SEC7 domain-containing protein 2 OS=Mus musculus OX=10090 GN=Psd2 PE=1 SV=1
37,P25062,CSG_HALVD,827,0.214027,650,0.073779,sp|P25062|CSG_HALVD Cell surface glycoprotein OS=Haloferax volcanii (strain ATCC 29605 / DSM 3757 / JCM 8879 / NBRC 14742 / NCIMB 2012 / VKM B-1768 / DS2) OX=309800 GN=csg PE=1 SV=1
38,Q8RGW9,DISA_FUSNN,349,0.213974,360,0.078910,sp|Q8RGW9|DISA_FUSNN DNA integrity scanning protein DisA OS=Fusobacterium nucleatum subsp. nucleatum (strain ATCC 25586 / CIP 101130 / JCM 8532 / LMG 13131) OX=190304 GN=disA PE=3 SV=1
39,Q5V7F4,CSG_HALMA,875,0.213714,688,0.073715,sp|Q5V7F4|CSG_HALMA Cell surface glycoprotein OS=Haloarcula marismortui (strain ATCC 43049 / DSM 3752 / JCM 8966 / VKM B-1809) OX=272569 GN=csg1 PE=1 SV=2
40,P38959,VPS41_YEAST,992,0.213710,780,0.074751,sp|P38959|VPS41_YEAST Vacuolar protein sorting-associated protein 41 OS=Saccharomyces cerevisiae (strain ATCC 204508 / S288c) OX=559292 GN=VPS41 PE=1 SV=2
41,P32497,EIF3C_YEAST,812,0.213054,639,0.083254,sp|P32497|EIF3C_YEAST Eukaryotic translation initiation factor 3 subunit C OS=Saccharomyces cerevisiae (strain ATCC 204508 / S288c) OX=559292 GN=NIP1 PE=1 SV=2
42,A6ZN26,EIF3C_YEAS7,812,0.213054,639,0.082297,sp|A6ZN26|EIF3C_YEAS7 Eukaryotic translation initiation factor 3 subunit C OS=Saccharomyces cerevisiae (strain YJM789) OX=307796 GN=NIP1 PE=3 SV=1
43,Q6FWW3,ZRG8_CANGA,990,0.212121,780,0.076389,sp|Q6FWW3|ZRG8_CANGA Zinc-regulated protein 8 OS=Candida glabrata (strain ATCC 2001 / CBS 138 / JCM 3761 / NBRC 0622 / NRRL Y-65) OX=284593 GN=ZRG8 PE=3 SV=1
44,O27579,DP2L_METTH,1092,0.211538,861,0.075770,sp|O27579|DP2L_METTH DNA polymerase II large subunit OS=Methanothermobacter thermautotrophicus (strain ATCC 29096 / DSM 1053 / JCM 10044 / NBRC 100330 / Delta H) OX=187420 GN=polC PE=3 SV=1
45,O81635,KN14G_ARATH,987,0.210740,779,0.073650,sp|O81635|KN14G_ARATH Kinesin-like protein KIN-14G OS=Arabidopsis thaliana OX=3702 GN=KIN14G PE=1 SV=2
46,Q54ST3,Y2237_DICDI,885,0.210169,699,0.075962,sp|Q54ST3|Y2237_DICDI DDT domain-containing protein DDB_G0282237 OS=Dictyostelium discoideum OX=44689 GN=DDB_G0282237 PE=3 SV=1
47,Q9HZ71,RS1_PSEAE,559,0.209302,442,0.076023,sp|Q9HZ71|RS1_PSEAE 30S ribosomal protein S1 OS=Pseudomonas aeruginosa (strain ATCC 15692 / DSM 22644 / CIP 104116 / JCM 14847 / LMG 12228 / 1C / PRS 101 / PAO1) OX=208964 GN=rpsA PE=3 SV=1
48,P36775,LONM_YEAST,1133,0.208297,897,0.084431,"sp|P36775|LONM_YEAST Lon protease homolog, mitochondrial OS=Saccharomyces cerevisiae (strain ATCC 204508 / S288c) OX=559292 GN=PIM1 PE=1 SV=2"
49,Q6CNR9,LONM_KLULA,1111,0.207921,880,0.080218,"sp|Q6CNR9|LONM_KLULA Lon protease homolog, mitochondrial OS=Kluyveromyces lactis (strain ATCC 8585 / CBS 2359 / DSM 70799 / NBRC 1267 / NRRL Y-1140 / WM37) OX=284590 GN=PIM1 PE=3 SV=1"
50,P38798,NMD2_YEAST,1089,0.207530,863,0.076613,sp|P38798|NMD2_YEAST Nonsense-mediated mRNA decay protein 2 OS=Saccharomyces cerevisiae (strain ATCC 204508 / S288c) OX=559292 GN=NMD2 PE=1 SV=2
51,Q54MB8,LEO1_DICDI,487,0.207392,386,0.085106,sp|Q54MB8|LEO1_DICDI RNA polymerase-associated protein LEO1 OS=Dictyostelium discoideum OX=44689 GN=leo1 PE=3 SV=1
52,Q18237,SMC5_CAEEL,1076,0.207249,853,0.076146,sp|Q18237|SMC5_CAEEL Structural maintenance of chromosomes protein 5 OS=Caenorhabditis elegans OX=6239 GN=smc-5 PE=1 SV=2
53,Q9FJX6,FH6_ARATH,899,0.206897,713,0.074681,sp|Q9FJX6|FH6_ARATH Formin-like protein 6 OS=Arabidopsis thaliana OX=3702 GN=FH6 PE=2 SV=1
54,Q54TD7,DDX24_DICDI,940,0.206383,746,0.076302,sp|Q54TD7|DDX24_DICDI ATP-dependent RNA helicase ddx24 OS=Dictyostelium discoideum OX=44689 GN=ddx24 PE=3 SV=1
55,Q6BXX1,BFR2_DEBHA,514,0.206226,408,0.073583,sp|Q6BXX1|BFR2_DEBHA Protein BFR2 OS=Debaryomyces hansenii (strain ATCC 36239 / CBS 767 / JCM 1990 / NBRC 0083 / IGC 2968) OX=284592 GN=BFR2 PE=3 SV=2
56,Q9USG8,MU190_SCHPO,1188,0.205387,944,0.074945,sp|Q9USG8|MU190_SCHPO Meiotically up-regulated gene 190 protein OS=Schizosaccharomyces pombe (strain 972 / ATCC 24843) OX=284812 GN=mug190 PE=1 SV=1
57,Q65LK0,ADDB_BACLD,1166,0.204117,928,0.073629,sp|Q65LK0|ADDB_BACLD ATP-dependent helicase/deoxyribonuclease subunit B OS=Bacillus licheniformis (strain ATCC 14580 / DSM 13 / JCM 2505 / NBRC 12200 / NCIMB 9375 / NRRL NRS-1264 / Gibson 46) OX=279010 GN=addB PE=3 SV=1
58,Q9Y2U8,MAN1_HUMAN,911,0.203074,726,0.075690,sp|Q9Y2U8|MAN1_HUMAN Inner nuclear membrane protein Man1 OS=Homo sapiens OX=9606 GN=LEMD3 PE=1 SV=2
59,P32908,SMC1_YEAST,1225,0.202449,977,0.073764,sp|P32908|SMC1_YEAST Structural maintenance of chromosomes protein 1 OS=Saccharomyces cerevisiae (strain ATCC 204508 / S288c) OX=559292 GN=SMC1 PE=1 SV=1
60,B4MRZ8,EIF3C_DROWI,919,0.202394,733,0.077990,sp|B4MRZ8|EIF3C_DROWI Eukaryotic translation initiation factor 3 subunit C OS=Drosophila willistoni OX=7260 GN=eIF3c PE=3 SV=1
61,B2A611,ADDB_NATTJ,1186,0.202361,946,0.076519,sp|B2A611|ADDB_NATTJ ATP-dependent helicase/deoxyribonuclease subunit B OS=Natranaerobius thermophilus (strain ATCC BAA-1301 / DSM 18059 / JW/NM-WN-LF) OX=457570 GN=addB PE=3 SV=1
62,Q3AA34,ADDB_CARHZ,1090,0.201835,870,0.079378,sp|Q3AA34|ADDB_CARHZ ATP-dependent helicase/deoxyribonuclease subunit B OS=Carboxydothermus hydrogenoformans (strain ATCC BAA-161 / DSM 6008 / Z-2901) OX=246194 GN=addB PE=3 SV=1
63,B2THC8,ADDA_CLOBB,1243,0.201126,993,0.074571,sp|B2THC8|ADDA_CLOBB ATP-dependent helicase/nuclease subunit A OS=Clostridium botulinum (strain Eklund 17B / Type B) OX=935198 GN=addA PE=3 SV=1
64,F4K5K6,PMIR1_ARATH,1164,0.201031,930,0.073451,sp|F4K5K6|PMIR1_ARATH Protein PLASTID MOVEMENT IMPAIRED 1-RELATED 1 OS=Arabidopsis thaliana OX=3702 GN=PMIR1 PE=2 SV=1
65,B9EJ80,PDZD8_MOUSE,1147,0.200523,917,0.074157,sp|B9EJ80|PDZD8_MOUSE PDZ domain-containing protein 8 OS=Mus musculus OX=10090 GN=Pdzd8 PE=1 SV=1
66,Q10251,IF2P_SCHPO,1079,0.200185,863,0.073764,sp|Q10251|IF2P_SCHPO Eukaryotic translation initiation factor 5B OS=Schizosaccharomyces pombe (strain 972 / ATCC 24843) OX=284812 GN=SPAC56F8.03 PE=1 SV=1
67,O35867,NEB1_RAT,1095,0.200000,876,0.073286,sp|O35867|NEB1_RAT Neurabin-1 OS=Rattus norvegicus OX=10116 GN=Ppp1r9a PE=1 SV=1
68,Q10164,RGA2_SCHPO,1275,0.199216,1021,0.080324,sp|Q10164|RGA2_SCHPO Probable Rho-type GTPase-activating protein 2 OS=Schizosaccharomyces pombe (strain 972 / ATCC 24843) OX=284812 GN=rga2 PE=1 SV=1
69,Q8GCR6,RPOB1_ENTFC,1208,0.198675,968,0.073830,sp|Q8GCR6|RPOB1_ENTFC DNA-directed RNA polymerase subunit beta OS=Enterococcus faecium OX=1352 GN=rpoB PE=3 SV=1
70,Q06321,ATG26_YEAST,1198,0.198664,960,0.074692,sp|Q06321|ATG26_YEAST Sterol 3-beta-glucosyltransferase OS=Saccharomyces cerevisiae (strain ATCC 204508 / S288c) OX=559292 GN=ATG26 PE=1 SV=1
71,A7A179,ATG26_YEAS7,1198,0.198664,960,0.074638,sp|A7A179|ATG26_YEAS7 Sterol 3-beta-glucosyltransferase OS=Saccharomyces cerevisiae (strain YJM789) OX=307796 GN=ATG26 PE=3 SV=1
72,A6LPC4,ADDA_CLOB8,1245,0.198394,998,0.073723,sp|A6LPC4|ADDA_CLOB8 ATP-dependent helicase/nuclease subunit A OS=Clostridium beijerinckii (strain ATCC 51743 / NCIMB 8052) OX=290402 GN=addA PE=3 SV=1
73,P40021,ZRG8_YEAST,1076,0.197955,863,0.075125,sp|P40021|ZRG8_YEAST Zinc-regulated protein 8 OS=Saccharomyces cerevisiae (strain ATCC 204508 / S288c) OX=559292 GN=ZRG8 PE=1 SV=1
74,A6ZQY2,ZRG8_YEAS7,1076,0.197955,863,0.075063,sp|A6ZQY2|ZRG8_YEAS7 Zinc-regulated protein 8 OS=Saccharomyces cerevisiae (strain YJM789) OX=307796 GN=ZRG8 PE=3 SV=1
75,Q8GCR4,RPOB2_ENTFC,1208,0.197848,969,0.073508,sp|Q8GCR4|RPOB2_ENTFC DNA-directed RNA polymerase subunit beta OS=Enterococcus faecium OX=1352 GN=rpoB PE=3 SV=1
76,B9DKV0,RPOB_STACT,1183,0.197802,949,0.075373,sp|B9DKV0|RPOB_STACT DNA-directed RNA polymerase subunit beta OS=Staphylococcus carnosus (strain TM300) OX=396513 GN=rpoB PE=3 SV=1
77,Q49V52,RPOB_STAS1,1183,0.197802,949,0.075261,sp|Q49V52|RPOB_STAS1 DNA-directed RNA polymerase subunit beta OS=Staphylococcus saprophyticus subsp. saprophyticus (strain ATCC 15305 / DSM 20229) OX=342451 GN=rpoB PE=3 SV=1
78,Q9LBR2,BXDN_CBDP,1196,0.197324,960,0.074752,sp|Q9LBR2|BXDN_CBDP Non-toxic nonhemagglutinin type D OS=Clostridium botulinum D phage OX=29342 GN=ntnha PE=1 SV=1
79,Q9WVR3,SHIP2_RAT,1257,0.197295,1009,0.075812,"sp|Q9WVR3|SHIP2_RAT Phosphatidylinositol 3,4,5-trisphosphate 5-phosphatase 2 OS=Rattus norvegicus OX=10116 GN=Inppl1 PE=1 SV=1"
80,Q4L3K3,RPOB_STAHJ,1183,0.196957,950,0.073661,sp|Q4L3K3|RPOB_STAHJ DNA-directed RNA polymerase subunit beta OS=Staphylococcus haemolyticus (strain JCSC1435) OX=279808 GN=rpoB PE=3 SV=1
81,O14116,YKX1_SCHPO,1234,0.196921,991,0.075485,sp|O14116|YKX1_SCHPO Uncharacterized protein C328.01c OS=Schizosaccharomyces pombe (strain 972 / ATCC 24843) OX=284812 GN=SPAC328.01c PE=4 SV=2
82,P10844,BXB_CLOBO,1291,0.196747,1037,0.076204,sp|P10844|BXB_CLOBO Botulinum neurotoxin type B OS=Clostridium botulinum OX=1491 GN=botB PE=1 SV=3
83,B1INP5,BXB_CLOBK,1291,0.196747,1037,0.076204,sp|B1INP5|BXB_CLOBK Botulinum neurotoxin type B OS=Clostridium botulinum (strain Okra / Type B1) OX=498213 GN=botB PE=1 SV=1
84,Q6P549,SHIP2_MOUSE,1257,0.196500,1010,0.076645,"sp|Q6P549|SHIP2_MOUSE Phosphatidylinositol 3,4,5-trisphosphate 5-phosphatase 2 OS=Mus musculus OX=10090 GN=Inppl1 PE=1 SV=1"
85,Q8NDI1,EHBP1_HUMAN,1231,0.195776,990,0.079377,sp|Q8NDI1|EHBP1_HUMAN EH domain-binding protein 1 OS=Homo sapiens OX=9606 GN=EHBP1 PE=1 SV=3
86,Q9JKB5,ARI4B_RAT,1228,0.195440,988,0.077677,sp|Q9JKB5|ARI4B_RAT AT-rich interactive domain-containing protein 4B OS=Rattus norvegicus OX=10116 GN=Arid4b PE=1 SV=1
87,P86839,NEST_DANRE,1265,0.194466,1019,0.074981,sp|P86839|NEST_DANRE Nestin OS=Danio rerio OX=7955 GN=nes PE=2 SV=1
88,Q148V7,RELCH_MOUSE,1216,0.194079,980,0.073584,sp|Q148V7|RELCH_MOUSE RAB11-binding protein RELCH OS=Mus musculus OX=10090 GN=Relch PE=1 SV=1
89,P32597,STH1_YEAST,1359,0.193525,1096,0.075446,sp|P32597|STH1_YEAST Nuclear protein STH1/NPS1 OS=Saccharomyces cerevisiae (strain ATCC 204508 / S288c) OX=559292 GN=STH1 PE=1 SV=1
90,Q5U252,UBP47_XENLA,1350,0.192593,1090,0.076203,sp|Q5U252|UBP47_XENLA Ubiquitin carboxyl-terminal hydrolase 47 OS=Xenopus laevis OX=8355 GN=usp47 PE=2 SV=1
91,Q69ZW3,EHBP1_MOUSE,1231,0.192526,994,0.083148,sp|Q69ZW3|EHBP1_MOUSE EH domain-binding protein 1 OS=Mus musculus OX=10090 GN=Ehbp1 PE=1 SV=3
92,Q91Y25,WASC2_CRIGR,1317,0.192103,1064,0.080000,sp|Q91Y25|WASC2_CRIGR WASH complex subunit 2 OS=Cricetulus griseus OX=10029 GN=Washc2 PE=2 SV=1
93,Q5ZKT9,MIER1_CHICK,513,0.191033,415,0.073939,sp|Q5ZKT9|MIER1_CHICK Mesoderm induction early response protein 1 OS=Gallus gallus OX=9031 GN=MIER1 PE=2 SV=1
94,A2CG63,ARI4B_MOUSE,1314,0.191020,1063,0.076475,sp|A2CG63|ARI4B_MOUSE AT-rich interactive domain-containing protein 4B OS=Mus musculus OX=10090 GN=Arid4b PE=1 SV=1
95,O13735,FAT1_SCHPO,1385,0.190614,1121,0.078762,sp|O13735|FAT1_SCHPO Actin-interacting protein 3 homolog OS=Schizosaccharomyces pombe (strain 972 / ATCC 24843) OX=284812 GN=fat1 PE=1 SV=2
96,Q6CY10,LTE1_KLULA,1366,0.190337,1106,0.078376,sp|Q6CY10|LTE1_KLULA Guanine nucleotide exchange factor LTE1 OS=Kluyveromyces lactis (strain ATCC 8585 / CBS 2359 / DSM 70799 / NBRC 1267 / NRRL Y-1140 / WM37) OX=284590 GN=LTE1 PE=3 SV=1
97,Q9Y4E1,WAC2C_HUMAN,1320,0.190152,1069,0.077042,sp|Q9Y4E1|WAC2C_HUMAN WASH complex subunit 2C OS=Homo sapiens OX=9606 GN=WASHC2C PE=1 SV=4
98,Q06211,MMS1_YEAST,1407,0.189765,1140,0.073781,sp|Q06211|MMS1_YEAST E3 ubiquitin-protein ligase linker protein MMS1 OS=Saccharomyces cerevisiae (strain ATCC 204508 / S288c) OX=559292 GN=MMS1 PE=1 SV=1
99,E1C1R4,UBP47_CHICK,1375,0.189091,1115,0.080808,sp|E1C1R4|UBP47_CHICK Ubiquitin carboxyl-terminal hydrolase 47 OS=Gallus gallus OX=9031 GN=USP47 PE=3 SV=1
100,O59810,VGL1_SCHPO,1291,0.189001,1047,0.074047,sp|O59810|VGL1_SCHPO Vigilin 1 OS=Schizosaccharomyces pombe (strain 972 / ATCC 24843) OX=284812 GN=vgl1 PE=1 SV=2
